{
  "metadata": {
    "schemaVersion": "1.0",
    "importType": "LEX",
    "importFormat": "JSON"
  },
  "resource": {
    "description": "risklevel slot description",
    "name": "riskLevel",
    "version": "1",
    "enumerationValues": [
      {
        "value": "minimal",
        "synonyms": [
          "Minimal"
        ]
      },
      {
        "value": "high",
        "synonyms": [
          "High"
        ]
      },
      {
        "value": "low",
        "synonyms": [
          "Low"
        ]
      },
      {
        "value": "maximum",
        "synonyms": [
          "Maximum"
        ]
      }
    ],
    "valueSelectionStrategy": "TOP_RESOLUTION"
  }
}